{
  "metadata": [
    {
      "src": [
        {
          "cwd": "../",
          "files": [
            "src/EPPlus/EPPlus.csproj"
          ],
          "exclude": [
            "**/EPPlus.Sample.NetFramework/**",
            "**/EPPlus.Sample.NetCore/**",
            "**/EPPlusTest/**",
            "**/bin/**",
            "**/obj/**",
            "_site/**"
          ]
        }
      ],
      "dest": "api",
      "disableGitFeatures": false,
      "disableDefaultFilter": false
    }
  ],
  "build": {
    "content": [
      {
	"files": [
          "api/**.yml",
          "api/index.md"
        ]
      },
      {
        "files": [
          "articles/**.md",
          "articles/**/toc.yml",
          "toc.yml",
          "**.md"        ]
      }
    ],
    "resource": [
      {
        "files": [
          "images/**"
        ]
      }
    ],
    "overwrite": [
      {
        "files": [
          "**/apidoc/**.md",
          "**/namespaces/**.md"
        ],
        "exclude": [
          "obj/**",
          "_site/**"
        ]
      }
    ],
    "dest": "_site",
    "globalMetadataFiles": [],
    "fileMetadataFiles": [],
    "template": [
      "default",
      "templates/epplus"
    ],
    "globalMetadata":{
    "_disableContribution":true
    },
    "postProcessors": [],
    "markdownEngineName": "markdig",
    "noLangKeyword": false,
    "keepFileLink": false,
    "cleanupCacheHistory": true,
    "disableGitFeatures": true
  }
}